{
 "Files" : [
  {
   "Path" : "I:/Gowin/mini_star/exp6_lock/src/btn_deb.v",
   "Type" : "verilog"
  },
  {
   "Path" : "I:/Gowin/mini_star/exp6_lock/src/key_ctl.v",
   "Type" : "verilog"
  },
  {
   "Path" : "I:/Gowin/mini_star/exp6_lock/src/div_clk.v",
   "Type" : "verilog"
  },
  {
   "Path" : "I:/Gowin/mini_star/exp6_lock/src/seq_control.v",
   "Type" : "verilog"
  },
  {
   "Path" : "I:/Gowin/mini_star/exp6_lock/src/compare.v",
   "Type" : "verilog"
  },
  {
   "Path" : "I:/Gowin/mini_star/exp6_lock/src/lock_top.v",
   "Type" : "verilog"
  },
  {
   "Path" : "I:/Gowin/mini_star/exp6_lock/src/seq_display.v",
   "Type" : "verilog"
  }
 ],
 "IncludePath" : [

 ],
 "LoopLimit" : 2000,
 "ResultFile" : "I:/Gowin/mini_star/exp5_seq_det/impl/temp/rtl_parser.result",
 "Top" : "",
 "VerilogStd" : "sysv",
 "VhdlStd" : "vhdl_93"
}