{
 "Files" : [
  {
   "Path" : "I:/Gowin/mini_star/exp3_key_led/src/btn_deb.v",
   "Type" : "verilog"
  },
  {
   "Path" : "I:/Gowin/mini_star/exp3_key_led/src/key_ctl.v",
   "Type" : "verilog"
  },
  {
   "Path" : "I:/Gowin/mini_star/exp3_key_led/src/led.v",
   "Type" : "verilog"
  },
  {
   "Path" : "I:/Gowin/mini_star/exp3_key_led/src/key_led_top.v",
   "Type" : "verilog"
  }
 ],
 "IncludePath" : [

 ],
 "LoopLimit" : 2000,
 "ResultFile" : "I:/Gowin/mini_star/exp3_key_led/impl/temp/rtl_parser.result",
 "Top" : "key_led_top",
 "VerilogStd" : "sysv",
 "VhdlStd" : "vhdl_93"
}