<?xml version="1.0" encoding="utf-8"?> 
<!-- 
  Synopsys, Inc.
  Version P-2019.03G
  Project file E:\project_manager\Mini_eye_Board\gowin\course\course12_Seq_Det\Seq_Det\impl\synthesize\rev_1\syntmp\run_option.xml
  Written on Tue Jan 14 11:40:31 2020


--> 
<project_attribute_list name="Project Settings"> 
     <option name="project_name" display_name="Project Name">Seq_Det</option>
     <option name="device_name" display_name="Device Name">rev_1: GOWIN-GW1N : GW1N_4B</option>
     <option name="impl_name" display_name="Implementation Name">rev_1</option>
     <option name="top_module" display_name="Top Module"></option>
     <option name="pipe" display_name="Pipelining">1</option>
     <option name="retiming" display_name="Retiming">0</option>
     <option name="resource_sharing" display_name="Resource Sharing">1</option>
     <option name="maxfan" display_name="Fanout Guide">10000</option>
     <option name="disable_io_insertion" display_name="Disable I/O Insertion">0</option>
     <option name="no_sequential_opt" display_name="Disable Sequential Optimizations">0</option>
     <option name="fix_gated_and_generated_clocks" display_name="Clock Conversion">1</option>
     <option name="symbolic_fsm_compiler" display_name="FSM Compiler">1</option>
</project_attribute_list>

